user_id,predicted_fatigue_probability
U000400,0.22494546909701435
U007248,0.684030187638699
U006407,0.49972881179005413
U000883,0.7534654288518127
U003566,0.8307736818340042
U004286,0.40419280598928353
U001180,0.1230718197831248
U005449,0.16416926123577663
U004245,0.4095648729985191
U005219,0.403241309899026
U003977,0.14886588369164383
U002131,0.2133492430737432
U005079,0.9693418453154293
U000457,0.915227669883024
U005583,0.3344462353977419
U005176,0.15760999383852958
U001951,0.09737515854403292
U005373,0.4302780334349386
U000690,0.34832326074136033
U008853,0.254799318196633
U006526,0.25119649336600225
U009822,0.1480015060498808
U006489,0.40640874160802887
U006922,0.4939107083747847
U001954,0.7088124692638946
U007635,0.15830743112556003
U005637,0.4557722380178606
U007155,0.3543094113353358
U008425,0.5737991269147414
U006611,0.20928577931334263
U002711,0.9139845273208783
U008731,0.40712488545966546
U003202,0.6609681375716461
U004350,0.32375142326064443
U004139,0.768291631426091
U001885,0.2788080715969263
U008640,0.6535060412217271
U004486,0.14132981959995153
U002495,0.9528286681346976
U005948,0.3495552135123735
U003037,0.3097364022382458
U005778,0.2848343229806296
U003604,0.19267927465506274
U000846,0.4051499920717597
U000543,0.9233365298023846
U003725,0.242561664806952
U004188,0.3385462120852947
U003680,0.2594941618712791
U008900,0.3232601664306032
U007968,0.22414438589550112
U008486,0.8121477375678301
U006076,0.3913012906051282
U007341,0.3166861295090554
U008226,0.4044189711841111
U007247,0.30262987654478724
U009711,0.1844998226339765
U008291,0.2697446007246564
U007138,0.6855225835134504
U002965,0.26107879724858296
U007560,0.2958303485139587
U002530,0.29222271269375405
U007285,0.6991076219024646
U005773,0.3945384621363206
U001049,0.2525896011671027
U007046,0.9354713466917084
U001961,0.1284524801527981
U002531,0.35447335385409895
U009049,0.5146571500956366
U007604,0.2962305288378824
U006525,0.29543328678855196
U000238,0.6317379771939374
U004918,0.5019677039750947
U006480,0.20885485788339192
U001134,0.22789728439752788
U006977,0.9170624643573524
U005902,0.9513685427666249
U009058,0.28419901560340394
U004260,0.16387460415310617
U008841,0.16363151416013735
U006966,0.12306165135974412
U009980,0.6759449253558365
U000793,0.446295877743094
U001986,0.35731582854738436
U005657,0.24669991539469197
U008740,0.174530986263336
U007936,0.1353733488787814
U006098,0.17195766157919964
U005908,0.2177098676409697
U007374,0.20001524706268517
U008129,0.9294197411899463
U002979,0.25076653635346874
U008862,0.28244956970643453
U009302,0.28832836704192144
U006722,0.21550167631970824
U007843,0.07696568901891773
U005525,0.2909950455945286
U008722,0.16824749864013322
U008432,0.3613780504311688
U009009,0.356224767586243
U008604,0.2496255927440925
U007175,0.764048745005989
U003920,0.13980990690380712
U003139,0.3321531087616374
U009417,0.5688312384220928
U009934,0.9453248484239732
U005790,0.6600162207735847
U004074,0.326478346611342
U003288,0.928584630056126
U003230,0.22333896895001057
U001827,0.329573594124298
U005549,0.2301059415641175
U000594,0.5519659644754589
U002726,0.3494647749489749
U004138,0.8755056144993781
U000561,0.15601419479538076
U007407,0.2767754776576912
U008807,0.3729629023594334
U008387,0.3025174899928934
U000244,0.6357789116104114
U007269,0.48073391051834236
U005436,0.9232227310468635
U004438,0.848046582126945
U009685,0.34145489548143554
U008107,0.5857056779089784
U000406,0.7307856672991073
U001443,0.41535963700766004
U000262,0.3501506416749569
U004407,0.9349176694521175
U007634,0.5132118492900829
U009534,0.9280515418549684
U001690,0.6624876023087639
U009867,0.15404669337690277
U001726,0.24089282091248743
U008995,0.24129752508358665
U004931,0.3912206706879744
U005963,0.9598535030372389
U002497,0.2345683125466867
U009015,0.19190336679812592
U006905,0.3627336765685397
U006107,0.24922011870341637
U008201,0.34737122043120233
U000341,0.1378147123430261
U002409,0.570640349981927
U001602,0.20811808496287493
U009865,0.6844166807181374
U008360,0.29615394352322966
U005783,0.3587821479730401
U004577,0.22027662964143582
U007972,0.3527014133276886
U003726,0.18897322153234947
U002557,0.8004261144082021
U002786,0.8338508311843285
U001524,0.4815118632366021
U007718,0.17148622534739927
U002508,0.1544198527849697
U002832,0.16987408649386745
U001013,0.14124812053875863
U005281,0.31269251073081666
U004896,0.8621686029330765
U001767,0.9574685685966495
U004552,0.1805490303093758
U007122,0.7662065914690598
U006550,0.1826809656565097
U004038,0.39162258995073873
U008271,0.5413251308563248
U000149,0.28732512674075666
U000286,0.3512647938510334
U007801,0.3413496010857002
U009652,0.6423505439071068
U000364,0.20051331396869132
U005368,0.381968207297572
U009946,0.19048170640140683
U008411,0.2157645934039766
U009454,0.2257403194597704
U004726,0.7936425044052438
U007272,0.5556452635174122
U006771,0.12513391294745818
U004444,0.14196729916830064
U007447,0.23085702743657466
U000237,0.6483724688682022
U007710,0.14943211367716824
U009586,0.6485318326274565
U002563,0.8374931942512458
U007124,0.1546966380895524
U008537,0.5815736697559954
U009603,0.3408172445397446
U005520,0.5724232551457338
U009614,0.29922346569343694
U003084,0.31663725292863654
U002960,0.33794368034939776
U002103,0.23312411813143438
U000633,0.3995619963143471
U006814,0.16059758276240604
U002494,0.35100095377663
U002666,0.1942929128870815
U008495,0.17002676976376957
U008426,0.3445911249437187
U009267,0.2657765128646403
U004212,0.5588133974988179
U003875,0.2658334193969329
U002818,0.19608700013926894
U008269,0.6603456673968761
U009816,0.4415762176032936
U007427,0.8443229981520775
U008603,0.23900484455787252
U008476,0.1395037955118914
U001736,0.8826070714040367
U007398,0.24423739972184044
U004256,0.5185787243478001
U008289,0.8157785569103372
U002476,0.7978935756861208
U009985,0.13081866728262015
U003714,0.1908611927116646
U008979,0.9692036164305726
U001805,0.12609186069065104
U000708,0.5568408658706269
U009192,0.3399551080781374
U005190,0.25552697126193935
U005473,0.9546154829652453
U000073,0.5491497617524126
U007844,0.961741231742008
U005102,0.7622292178342353
U006765,0.1973047185649323
U001126,0.16204210775334574
U001242,0.28442839222223576
U008254,0.7362802469572574
U002350,0.23662608115757944
U006603,0.59956038609106
U006781,0.22677493855214736
U004359,0.35906107516718844
U001344,0.8642381299639174
U009989,0.24497908492731682
U008680,0.3706957826806412
U009576,0.146298449128636
U006653,0.8857663712010476
U001101,0.32192473085331574
U007328,0.9250488913874616
U007623,0.6614831663563451
U000988,0.3638182910917053
U002853,0.6234847784727724
U000631,0.33236778522042987
U001250,0.6408982036427477
U003180,0.14775708430016196
U000483,0.7411918182124493
U003041,0.5390216259525717
U005011,0.1495943271932934
U008728,0.29511804543491754
U007001,0.6131962334955259
U003274,0.8970041274882379
U007228,0.6674174148845984
U003684,0.693981528425681
U006675,0.1455891213575396
U006808,0.20419763103162847
U009739,0.16809125443758302
U001317,0.2961816303531351
U003226,0.15323361545367448
U001073,0.47020404099046864
U004816,0.3338857946557886
U008460,0.3268090787799183
U005753,0.9339553722395424
U009146,0.4572190835679695
U004617,0.5712358025964865
U003098,0.8932972495448164
U006870,0.22948086689560182
U001301,0.38429549827148884
U007286,0.9329469033813567
U006285,0.9663891475439854
U005496,0.742011422464129
U005292,0.20905849407960325
U001799,0.1830366984233701
U005204,0.3195235854602194
U008228,0.18541220204797945
U005048,0.4666007499949019
U006442,0.3564767289931705
U008106,0.7603246520961383
U002360,0.30810834926612507
U009381,0.2577819449535207
U003655,0.20943096061347544
U007053,0.4541009455957471
U001287,0.4288994974269902
U009127,0.0977244231920143
U004446,0.3985319306142302
U002138,0.26458930050789725
U006788,0.3400028173920309
U009753,0.24290301999262953
U008511,0.17859494326214115
U009540,0.8473335417764976
U006895,0.4833949123380503
U008570,0.5510167747462104
U007152,0.5322658005078664
U000964,0.8623851022175704
U006013,0.22553173058856127
U004883,0.31821183544721415
U000141,0.4212209395662355
U009033,0.6568070300087043
U006937,0.5131386998151896
U006543,0.5772636067175831
U005244,0.20476455809183253
U004432,0.6731344186905875
U000407,0.5454967731241709
U008213,0.3425035745367656
U008377,0.14899493407158512
U008628,0.2189924583700067
U008235,0.846801610303075
U004400,0.2654972002956981
U005253,0.22856153770502488
U000012,0.4789838156393963
U004761,0.5792967081817845
U001178,0.18876641944768782
U002864,0.384851116992764
U006472,0.45783652313122314
U006229,0.5458372489065798
U002990,0.12671323252859734
U007118,0.39453030004691625
U007011,0.32835445599272384
U008558,0.1261170159253881
U001441,0.09908115938198284
U009748,0.43976843491980866
U002876,0.24901797577594786
U009099,0.1543851283773943
U008789,0.31260868322889435
U007233,0.735501598042135
U003727,0.15333010191726443
U002773,0.22608277432049312
U000455,0.48289119572277783
U008190,0.2334565899127531
U001368,0.21283174200578323
U003713,0.2986835045545311
U009853,0.3100696288728879
U001389,0.16878198010064538
U001001,0.6690896290476599
U007762,0.3566441412744532
U003554,0.4669607257371021
U004115,0.8149642349438351
U001668,0.23889565977466043
U003174,0.23575703217379462
U009398,0.5118679214638545
U000489,0.39456049619877465
U003231,0.5150255212020833
U003829,0.19173778540801387
U008652,0.34060626326787713
U005209,0.567336994689549
U007849,0.3894489382377563
U005705,0.34610663971098465
U009640,0.8890655716036052
U008134,0.4152371198798475
U000704,0.2170289840350385
U005106,0.9518187236541142
U008894,0.8290967931870858
U003292,0.5099079316738271
U008126,0.6805638149523833
U009632,0.7301618497083807
U009022,0.432121999752047
U004910,0.7147300027520046
U004441,0.15489707327234115
U000987,0.3547964210513774
U009237,0.5015378851799953
U009884,0.1379971113727702
U007706,0.15659799791354273
U006258,0.7088524777128885
U006090,0.9284010045791562
U005239,0.6244978749511377
U001199,0.13348703999681436
U009071,0.9075183070420356
U007520,0.7551207631460534
U006813,0.13846655896580537
U008321,0.29233470300789566
U007176,0.22586754724105892
U004471,0.14583656394358643
U000892,0.8224358387383122
U001970,0.20097708584999913
U005758,0.895150833940962
U006528,0.17944632566725804
U006295,0.6006819942847537
U007596,0.19630804164168233
U003250,0.33752734393822126
U006571,0.13076016388218553
U006639,0.4278831808206023
U007352,0.1753461416554662
U009173,0.8988384902736783
U007474,0.3910187831787538
U009602,0.18295803761437854
U008674,0.1613844672565965
U001240,0.5765973851421821
U002290,0.5907745379749174
U002741,0.15859996049124409
U004586,0.15954873272047676
U001230,0.2945426306161043
U006981,0.8148462418842393
U005179,0.7469893354891711
U004294,0.2917452756180815
U001059,0.4793545523590538
U006263,0.5666663131850185
U000282,0.6287833925481996
U000969,0.22140483216888046
U003954,0.7169222565092642
U001940,0.18092756413853794
U008465,0.28959082692580784
U001275,0.23723707475326644
U000620,0.1995601072765591
U008506,0.1894995686861663
U001743,0.1508532919651049
U001391,0.23931122377087904
U002204,0.4763050365077545
U003569,0.9177516131763788
U006117,0.884603829340888
U009971,0.2640469574402736
U006053,0.3784926022484444
U003179,0.3196304701830233
U003193,0.3573714706788019
U006100,0.13640360396542284
U007030,0.5726568906527421
U000576,0.4929008042048709
U006657,0.511183146413108
U007116,0.2936223875649724
U008803,0.4854341445227368
U006277,0.37224142214448025
U008985,0.2728269101062835
U005898,0.312171165769174
U005725,0.6179746559241878
U000270,0.17473251272793455
U000630,0.30946807231321555
U003082,0.6540587712214235
U003467,0.8597696632321776
U006431,0.3126170302742579
U009312,0.16487918509461058
U007063,0.11405295926584261
U009728,0.8032065426662145
U005544,0.2884764280090496
U004357,0.8779482789764447
U002114,0.23248644238798133
U008220,0.5121899003769471
U003217,0.3534896272367328
U003815,0.20775688448821744
U008322,0.20493762303765295
U008590,0.26806027594486975
U002279,0.574668362018156
U004600,0.1394120838464831
U000014,0.16457268321828308
U009226,0.2902230553989149
U001526,0.3669071574088097
U002366,0.33431601530452915
U004649,0.9607328092870187
U000375,0.2742931697322466
U008522,0.3845573206444999
U006478,0.36825975291916524
U000526,0.24137226373252785
U006896,0.24540674915678112
U003592,0.28049452595592056
U007905,0.6450609424852299
U002959,0.21816396628348167
U000530,0.7411383365032552
U003715,0.5999708845656143
U004733,0.20892578377247562
U001395,0.17688455518646745
U005632,0.5127657271642774
U006564,0.2829506144482679
U004704,0.4692646465570233
U001713,0.348272187683488
U009756,0.7761452488272885
U000956,0.7278499196669882
U006676,0.16351389650477643
U003454,0.8712427386137527
U002072,0.31068940832843117
U009741,0.5839536933185594
U000159,0.39286358425680473
U007006,0.3791022827522688
U000353,0.4435690284719813
U006079,0.19914563597703833
U006237,0.6811265733354002
U002921,0.5264290413273328
U004645,0.7416953480552685
U000662,0.15179998991957486
U007058,0.18964367631325724
U003666,0.29270491196595516
U007980,0.8939499050037686
U000307,0.9173926757551762
U004791,0.2066828549386453
U002357,0.7512040080477567
U001928,0.2357325708052065
U009940,0.21643068501298957
U003428,0.4766522884579162
U003639,0.47298392918387944
U001267,0.22352930312551517
U001561,0.6823482835730923
U007180,0.353887986335946
U004110,0.20088869731801878
U007868,0.49165601633745226
U004905,0.3888343008463536
U007295,0.25329782617278773
U000515,0.2577182373956548
U000895,0.710370127203901
U000022,0.2899026641758323
U000900,0.2090193471242195
U000208,0.26325869859187645
U000459,0.2297095421541873
U002431,0.38721632230617764
U008443,0.42471907125488717
U003390,0.24761514022216385
U003912,0.32623506382843337
U005384,0.2740729571448566
U000553,0.19445785397909726
U003145,0.25651766249111796
U006918,0.3200421132661695
U002057,0.20380045520454104
U001926,0.9713142931503986
U000635,0.3182219688125699
U006083,0.4719135095767913
U009271,0.9562187489817104
U009679,0.52198785684137
U000106,0.6245608598423215
U003042,0.5811663416627202
U001710,0.3826505412826505
U000090,0.9305964834003266
U007015,0.555185910048942
U003175,0.21820520615518524
U000918,0.2595186721949455
U007834,0.11807810433160632
U006733,0.6506361579422939
U001950,0.1917038253066969
U006369,0.2604609011447182
U000002,0.09078761962608561
U008033,0.39339455214991265
U006048,0.15586999921316538
U002721,0.1808434810537618
U009813,0.8537025024238243
U003118,0.9507106442296557
U009466,0.7254796210645295
U003763,0.26022243717069776
U000214,0.21872240431451778
U000779,0.312406225124386
U003497,0.17660158403533976
U008818,0.4741666767821401
U002044,0.24152673539599756
U005421,0.3239110200690806
U006155,0.1695317122277628
U008358,0.4047980912944918
U008708,0.2678326438359744
U008466,0.3866672648560473
U004168,0.240162382127242
U003789,0.559352133311968
U000584,0.9488390794725723
U009912,0.1464317095780227
U009987,0.4937164102102952
U000117,0.4439206871335427
U006645,0.8059946878929249
U009034,0.9488095122107455
U009952,0.8986777012315352
U008960,0.1768339990836884
U001764,0.4282176729666566
U001876,0.25726361936227604
U003225,0.26553947809513734
U000527,0.12236297031270392
U007726,0.5544216703308693
U002947,0.6292130352252281
U004474,0.8988951141610007
U005656,0.2684268587108851
U006060,0.32195941678814743
U000960,0.2788371324416062
U006343,0.18225279079001874
U003634,0.5341677052423944
U001051,0.12681532569983672
U003381,0.2029366865526619
U003677,0.834962223529593
U005777,0.6915769267015447
U009046,0.4113853719267683
U006574,0.22537656642316417
U005180,0.1386932273731662
U001608,0.9094466891197095
U003611,0.23736742657157422
U009759,0.2152416402793394
U006636,0.3383323189203582
U009998,0.4017179116577342
U000792,0.267263459947323
U003057,0.27058605862858975
U001981,0.7972051102944977
U003599,0.28835398271322366
U000934,0.736164128653087
U007425,0.6187575769900036
U005627,0.5679156369356663
U001683,0.39209079672083996
U004180,0.20973623455470425
U006447,0.2638886173695886
U004117,0.212458599743875
U000989,0.1978624223267881
U002897,0.9538045004716671
U003779,0.6727062594414079
U005659,0.591800730974916
U003094,0.37260306567322465
U003156,0.13766095397609576
U001824,0.2701726481713731
U009623,0.24605844825736975
U001099,0.38795693382164004
U002845,0.29633109560299753
U003343,0.4620571087654717
U000039,0.9056289884936721
U006541,0.2558714957984203
U009474,0.777251858686283
U003357,0.9238575359144647
U007814,0.3821248852578689
U008221,0.641877449246938
U009228,0.3985579134383914
U002429,0.2039498498333408
U005044,0.19126762805483277
U005347,0.5341070306371204
U004812,0.6014571320789623
U008477,0.43079743464194664
U000687,0.20195810008987347
U004800,0.096445168829798
U007438,0.3011120707826771
U002354,0.2611300771236956
U006354,0.17895687260197246
U004570,0.19387390990492404
U008214,0.296069856718948
U002753,0.3112081320788978
U008074,0.3615475863895352
U001041,0.475750515810496
U007492,0.20006771897856485
U001266,0.7536184535268649
U009266,0.18817901638784487
U007060,0.16339186614440626
U000278,0.4721201310869112
U005085,0.5595226929593884
U002383,0.14565938933636746
U000572,0.4828424660144198
U001436,0.6574074918897882
U005353,0.1970420793160406
U005446,0.2518781671394677
U001008,0.23026133128264384
U004544,0.9492950583974471
U008817,0.5524348152617382
U002065,0.8809118963739342
U001137,0.1530838610380042
U005344,0.5580162279358996
U000295,0.19101599433798278
U002404,0.13616350132394178
U003999,0.8323106711584
U003742,0.5196632106296395
U009223,0.20422822788685618
U002720,0.4552572834411447
U009200,0.4255183465556568
U005151,0.43306541188846603
U002809,0.4028433046241061
U000557,0.8024003706310298
U008926,0.6292340214994305
U004796,0.2850469841151408
U002470,0.16259722690017492
U003739,0.10921132119982999
U004287,0.3902745853860017
U002605,0.2767854219984577
U000363,0.31397317838910116
U006925,0.6887879163549487
U001705,0.3600087838517337
U002140,0.1677347366808623
U003240,0.5682715471627058
U002384,0.33445739443150735
U007315,0.6262697476270405
U004312,0.2724024206619654
U001313,0.3147660239620354
U003931,0.46191117600892084
U006184,0.3919623827742347
U001592,0.3844632834496331
U009388,0.18157425180540052
U002163,0.5821036906413433
U002397,0.5365486348071253
U000318,0.3592947982045231
U005234,0.9434134126948388
U005069,0.14385866664008906
U004037,0.5248134108774115
U003021,0.29512953776579315
U008229,0.8969541348143256
U005296,0.7959225015623818
U003973,0.48746454620202206
U005371,0.38030625715709243
U004134,0.5315717481238611
U000975,0.2443978526688166
U007292,0.15533512146720727
U000955,0.9033934993928436
U009307,0.4286567652817874
U005017,0.2296093923679132
U009731,0.3968075423785328
U007491,0.2927749333008406
U001641,0.38223537507086236
U001291,0.6185340983416765
U001381,0.16471288247073057
U001934,0.3099224670281396
U004676,0.2802912668405336
U000893,0.16989462336644567
U007288,0.3905654330302988
U004877,0.478177148824366
U007907,0.9034586936240359
U008195,0.31353456965768783
U009380,0.3542932830154586
U002467,0.9183054119103954
U007658,0.1652582645969155
U001914,0.180649994157296
U002737,0.513525799317802
U000727,0.2587727534423971
U007215,0.7543994546518495
U008246,0.6465696440112454
U001797,0.6078754317928103
U003846,0.4289149444291136
U006403,0.7550263344254371
U000937,0.24886537506383694
U002266,0.20543403680809477
U000825,0.6625966774377113
U007275,0.7176306010795463
U001390,0.20661086037519333
U003565,0.8116208075937741
U005430,0.9384445873479392
U007828,0.24268612398943973
U005691,0.21307273274773544
U007879,0.6730394282552714
U001869,0.19840545493316109
U008203,0.4177129579607046
U007487,0.9071709230061965
U000807,0.3879282515230556
U004806,0.3156765259589335
U009153,0.8102710237258779
U007512,0.6549612403312174
U008057,0.496440314367976
U004495,0.47104257813670314
U002633,0.2301557499285391
U008901,0.2273375485502031
U008624,0.8266337175689765
U007833,0.9264005574063652
U004389,0.48351248588901297
U000146,0.45564497051061637
U006468,0.25480112053081627
U002034,0.36580566695191064
U009128,0.1468171852524019
U001166,0.12519696636189864
U002051,0.33795355855853937
U003761,0.830787748789558
U004436,0.9736941626579623
U003431,0.8082271680926982
U008191,0.7315520584380106
U008754,0.26719222201450554
U007070,0.1343455189052009
U004362,0.33714519478912575
U001772,0.6811690391965771
U003512,0.8096915192896619
U000272,0.8624731311892349
U008437,0.36483037387197986
U002033,0.6759714300437192
U009665,0.19885299535329753
U003811,0.24416077714826223
U004347,0.22488052311088397
U000546,0.40581513556775833
U003242,0.3859303693360752
U008503,0.5641846270321369
U009919,0.27129185213089324
U007565,0.12121622213118803
U000921,0.3107004671114063
U009119,0.6106609776889345
U006641,0.2687554177706646
U007695,0.906274402645348
U008231,0.8430224772974815
U007127,0.1565137953594807
U004279,0.2648388116296662
U002984,0.645597586594985
U000131,0.2632736700546109
U007981,0.8394617782533786
U002668,0.4971785612176902
U007139,0.3143640464124944
U003224,0.5431221103448832
U007694,0.21924984302981132
U005393,0.2800840335702312
U000615,0.5387760195235907
U009903,0.8259114583024229
U001467,0.43905022008293054
U004498,0.6916606458671382
U003043,0.6560061945567379
U002420,0.18857922933431687
U005086,0.5082420217300565
U003295,0.22933799699137258
U006738,0.254045348339034
U001501,0.32079910294224145
U001522,0.32942436164089955
U009118,0.25004488370066585
U004233,0.6929850191439928
U007687,0.35919007107596684
U004431,0.1825634291684324
U000391,0.26080776090682806
U009859,0.9002107891717599
U007125,0.10974620967773062
U005914,0.2854204934492318
U008593,0.17662781514193723
U004807,0.4890284152676256
U008955,0.8235118500782329
U008239,0.18577110015084825
U008045,0.846825860529279
U009783,0.5029714305025311
U003994,0.4126035013384755
U009552,0.2770539527371514
U006610,0.6666698511712641
U005320,0.5065472746779993
U007120,0.8227718235898658
U002422,0.7943011491345122
U005605,0.27746874062820176
U001751,0.931616651923379
U009016,0.9562537445970483
U009719,0.6281166545077033
U000339,0.2618716213344703
U008408,0.904996969800195
U001342,0.20487661970479687
U009545,0.1270125314069415
U007983,0.3367092182427105
U003641,0.1632457043551789
U000330,0.31158752582574145
U008829,0.23689781181280253
U003005,0.17859435340816662
U006961,0.15013195722444472
U004091,0.6564781669084806
U002323,0.19196823107651317
U006668,0.41300805714551414
U007010,0.3956441870195868
U004198,0.1345042449624803
U003550,0.25067361905857
U008364,0.5394217167916806
U004204,0.4339339229061264
U009311,0.18591923476300187
U008937,0.1813607431388215
U006186,0.3042995734729719
U001640,0.779002818569407
U000061,0.226252593109923
U001241,0.28700876788643837
U005761,0.8353670030654508
U005137,0.21701393769994232
U002344,0.5597043377352382
U002121,0.22677443677524003
U001525,0.4340322602138438
U007618,0.27588715942977005
U000154,0.46803559028279856
U000482,0.6895105422796434
U006123,0.34675384153677574
U007675,0.2619822042685369
U007102,0.7755159696967836
U001763,0.5176158834578972
U007716,0.43658305681339915
U009082,0.4046757745273454
U007480,0.816022717057185
U006213,0.7212712383125588
U004854,0.201989913326048
U002712,0.3562303217031325
U006767,0.8385382650944504
U004151,0.4267008950729386
U001334,0.7722544654791096
U008379,0.9528802679316993
U009390,0.2102947247176447
U009708,0.30910701185308687
U009122,0.3635485715210374
U003851,0.38828780420295983
U008341,0.17879268188746764
U004125,0.35618133039914346
U008964,0.4751293792804573
U004789,0.4554314525043576
U002867,0.2971930772462221
U001387,0.24103314524253075
U005942,0.888586395949564
U003068,0.6957243774144379
U009059,0.9075136318145115
U003630,0.45908321134457775
U009456,0.6756415094751145
U008950,0.6008017073926059
U003029,0.5481380058622515
U002970,0.2457619467423327
U008647,0.19516401187281232
U006137,0.2670062030902164
U008802,0.2283965325957362
U004264,0.2678680941406288
U000646,0.6842488582508031
U009654,0.3146725916104299
U002075,0.3276014330755367
U000342,0.5124728223020162
U008042,0.2031099712847475
U001623,0.46444920323715
U007142,0.38239774867310505
U005797,0.3759053006826304
U007185,0.9372153939100989
U008233,0.8882723097140844
U005476,0.6194160953972936
U009253,0.4015623693658753
U000075,0.2960671045708714
U008634,0.5648249378439942
U009230,0.18073966595712965
U002052,0.976791706565374
U002542,0.2514995724018127
U001302,0.2849971562820597
U005878,0.32361951634647673
U007369,0.6844628225751966
U001305,0.4412244526146807
U008429,0.29313613368696834
U009095,0.9319774411257811
U002600,0.28567291315751125
U002574,0.32030870864781635
U003187,0.5958518863442102
U002769,0.5906989290632689
U004832,0.4992348059021414
U004224,0.403636124011726
U009650,0.11530570282851388
U002107,0.23999140511078795
U002680,0.5417036271321067
U001388,0.1606702608156106
U008932,0.21012211896539568
U009660,0.7676731814635966
U007084,0.1508234493813318
U001280,0.9632803060526491
U000805,0.7387599126039636
U001556,0.11455287084627985
U009487,0.508963859584469
U004567,0.942660119757918
U009670,0.7155486288215962
U004842,0.1684871384081449
U003595,0.6941748516104421
U006036,0.8475755878910841
U006853,0.5924112696901491
U008706,0.23796397956957616
U004178,0.7400908786893767
U001309,0.18069275645491525
U003453,0.228374437542695
U003696,0.5670061865612571
U004243,0.185772396113065
U002199,0.176263943536926
U004426,0.12209294404450438
U006151,0.3357879174623989
U000944,0.5276075013123697
U000823,0.1574939373272028
U005006,0.3633919877152124
U006613,0.3766732231076152
U008357,0.29449674068816856
U005620,0.20886812015401607
U004548,0.95930280749654
U002539,0.26769119681763903
U005208,0.5127162940719798
U009515,0.24232923701993211
U009010,0.1805101540484837
U003055,0.42585107734380534
U003676,0.3402447953429351
U007777,0.1776013554781366
U007219,0.1790848983123835
U006723,0.32529578670407727
U003301,0.9173838667926734
U003311,0.15568392637553916
U007222,0.5928372136165991
U008520,0.2789924207385843
U005955,0.49055522218812037
U000833,0.9669021501786667
U003463,0.8771631031279619
U007644,0.42342039594583025
U000055,0.2742817469754748
U003452,0.9333339802308354
U006306,0.42050076024420224
U001482,0.1532900617551454
U004874,0.19436566745696798
U008039,0.38955445274703415
U003336,0.808138962945197
U006017,0.13530814134107944
U004927,0.27250308363396764
U005798,0.8361983089988834
U009832,0.4293986152848682
U005084,0.2570632267554766
U006646,0.2771186582449502
U005491,0.672326429074116
U000769,0.26271055031345325
U002066,0.2580797314699483
U009501,0.853167886472313
U007312,0.23430637629749765
U008478,0.8367923412208409
U004525,0.5614959203654906
U002718,0.32622188359069226
U002080,0.24165530680173114
U008915,0.1901813517085178
U000952,0.243905315739169
U008059,0.4098488925146396
U002483,0.8685828902196682
U001760,0.4051038777502273
U004423,0.3595589641734424
U006705,0.2570138363423534
U005183,0.5839474155247324
U008534,0.19384408669320752
U003702,0.3175820507737984
U004244,0.5035848695596574
U000689,0.4897529980493178
U003433,0.16739403555059648
U004945,0.20760296465377537
U000967,0.6068913086908274
U009485,0.2525553405672234
U002714,0.2860608460966897
U004758,0.13102363591475036
U009546,0.36582891035508236
U006321,0.19951285700982363
U005976,0.612602615170504
U003573,0.3123354599023028
U005300,0.3189162612566857
U001991,0.3036628182574337
U001206,0.862254635941051
U004972,0.7766159165334028
U006784,0.4496954371649114
U003601,0.7443704810581482
U006491,0.34685028794840783
U008610,0.4735540802667068
U009979,0.5661128098318979
U008071,0.31439390871671535
U008578,0.583945845143684
U007974,0.6928647791456095
U001626,0.20426827283678842
U000537,0.23106279405585795
U008767,0.7550241499830878
U007971,0.2411118365851893
U004213,0.24761313451504424
U006457,0.6863488779554321
U003508,0.19788482416140732
U008394,0.27510937714106953
U007113,0.3346416455865772
U002709,0.7596827507579982
U005032,0.18712751893279816
U006515,0.3826508453156426
U004663,0.20754230546474345
U004022,0.8043034455140905
U001855,0.6389071404300891
U009426,0.1967724719026127
U002873,0.6440687563152889
U003031,0.4153373471378099
U001646,0.8701814121318416
U003418,0.11917229023887332
U003477,0.2870316902035931
U009553,0.25444746494556947
U001793,0.2521493204812353
U003798,0.5851008269450393
U003369,0.18085704143742803
U007197,0.3578151826915651
U009642,0.29821466237993205
U005110,0.3585956503378073
U006025,0.5038498001518878
U008796,0.875310276838098
U009295,0.39828755325542553
U000127,0.2396728526442986
U005960,0.1426501957311263
U003877,0.8168027832263536
U004452,0.8914805142756314
U007148,0.5098894052924696
U003532,0.1582299824843545
U000828,0.8381913548681666
U007791,0.19423969743378738
U000985,0.6353781350514234
U007784,0.3266970851587242
U002444,0.8925550820157497
U008555,0.1914655861795014
U000346,0.34800889436639576
U000815,0.3299983967108875
U006167,0.3018022264359448
U005780,0.8031542576452437
U002117,0.22868508959524647
U000794,0.7170647066149322
U006899,0.2618681377380503
U002675,0.20939519635360906
U000095,0.28424471963039244
U004226,0.393652079627808
U003757,0.9360164701028832
U002892,0.16756140607093234
U002372,0.2104845034070954
U009389,0.6584509902652007
U003229,0.505887622357726
U007864,0.26295459780943803
U006360,0.412113937029682
U009197,0.2519371923022229
U007327,0.7706642637025536
U006029,0.5782108680283912
U001866,0.18203549433189337
U004613,0.43933741585839986
U002646,0.3365476902745406
U002244,0.314957052058374
U005374,0.22851162130195407
U002337,0.4995466497242286
U000951,0.5769957028284383
U001121,0.2199387528763535
U002205,0.8727347988144912
U000420,0.4235724451646496
U000923,0.2518728959578831
U008670,0.24377415339651687
U005409,0.1492254918779041
U005789,0.45024912749547474
U005743,0.11152537392401479
U007668,0.7137034915390448
U005568,0.8403162659737501
U008136,0.3519374949620462
U001203,0.44949443402717215
U005766,0.4715072648892382
U008390,0.2820520364879817
U001971,0.2594992957928589
U004019,0.7509490058459944
U003688,0.2642176568321194
U001998,0.4456911277302741
U004034,0.27621769445480987
U001249,0.3470127284362939
U002193,0.3088374761370677
U002713,0.52875080599709
U002191,0.24473516152683267
U004671,0.6543703370467354
U005143,0.8162840265173599
U005985,0.6027789005018596
U006566,0.16803570128338477
U007805,0.2513146984190122
U006944,0.8264947977393218
U002137,0.2712037608513313
U001066,0.4193092043858947
U000601,0.4165669379149518
U004228,0.18250502406268188
U007578,0.9581454957857691
U000078,0.9554948786672697
U007547,0.3676924365661554
U002899,0.350474822096825
U004821,0.2777312398927499
U009303,0.2593849100053327
U006414,0.2984274603107576
U009065,0.49630275299679627
U008008,0.5483758769342221
U005469,0.1518414273125393
U005952,0.3169443542953516
U003392,0.4973764647009786
U005416,0.2912967121386631
U002561,0.2546610155197086
U008163,0.4503130361028814
U002636,0.8596511553714032
U005257,0.9469619380383099
U003531,0.14965907022047367
U008568,0.24920108977504396
U001909,0.7255370224948507
U000236,0.6610196496625476
U001605,0.3403720077404726
U007985,0.20570226708738779
U003491,0.38447756600707367
U001995,0.32567625144511614
U002825,0.1972197961082397
U009286,0.7178012508977569
U001343,0.9286953910769522
U008513,0.6453164075573111
U001620,0.25194558343508744
U005288,0.2411799200683924
U002061,0.9391834146102199
U009956,0.348841531654729
U002220,0.14129149378014363
U006039,0.4897421610819531
U000261,0.7956504046387389
U009366,0.9569235987437542
U009094,0.3033814627996701
U003745,0.5302648638116443
U002027,0.8921092597262498
U006989,0.8016102391330997
U004235,0.4992360677205591
U001918,0.22462806072511654
U001829,0.429158165717725
U006234,0.31901286660832584
U009333,0.3104552257040155
U006284,0.09798566210258913
U004209,0.15154820096758592
U000225,0.3930272330324438
U008916,0.3512312037959142
U006470,0.8448517211868931
U009414,0.22977377093342902
U000847,0.9020429794361986
U004290,0.16389462978810804
U005561,0.9022284948271497
U002552,0.3899279502688502
U000118,0.4729045294826184
U008838,0.3891235420839342
U005967,0.7350901278503194
U008196,0.30144694531803545
U008660,0.2901389488078531
U007490,0.31314940663859026
U000006,0.1066645948375786
U005343,0.9709439983805788
U009112,0.7152973713330845
U004325,0.2298013009332303
U001064,0.4007139984247152
U002591,0.14875496946084055
U008435,0.1312023242579931
U003736,0.2906284726468745
U003518,0.279253830038648
U006987,0.2947977397879498
U006768,0.37449130748086895
U005623,0.33288535659812957
U001606,0.386249102739711
U001734,0.19370175978825788
U009342,0.2287519324621757
U003813,0.1417703791147656
U009625,0.23903747586551394
U001762,0.16460024167434
U005402,0.276734981297429
U002740,0.3754131905578681
U002473,0.16442220254980094
U006739,0.3351738982559966
U006892,0.7055863733054948
U007944,0.17191751420350837
U004207,0.35876423077520636
U006372,0.5458597707272226
U000233,0.8449412976295267
U008259,0.3019642535492063
U007562,0.16985703194932034
U006169,0.8533580350433219
U003597,0.4071126984165082
U006289,0.12344795989006195
U004633,0.2748068370366221
U000126,0.4026142843762079
U007642,0.9619108553574327
U006230,0.7275342269423496
U001297,0.7411833134390947
U001977,0.9582386270027674
U009481,0.3523774696476517
U009582,0.8602630782110564
U005751,0.7714905164901729
U008153,0.8718048269157732
U003087,0.6955486224655191
U009277,0.21846800657190785
U006883,0.810513158133247
U009306,0.4156670200648864
U007674,0.9428578326826462
U003346,0.16614148798708303
U008173,0.2113405238252822
U009422,0.1912973032279741
U005871,0.7597647462885273
U006507,0.7346168344707336
U002798,0.6708400510988024
U000919,0.9060484962273441
U001647,0.39163392628330007
U005123,0.69061998891928
U005127,0.2714951953564625
U004622,0.169311018002128
U006810,0.5688172984148497
U000365,0.25393698311919227
U002126,0.6901697706234582
U008151,0.28861205858650585
U008718,0.32635520344737484
U000056,0.4833908337938724
U000639,0.9214351596498658
U000303,0.24685494228375116
U005812,0.28968381880772376
U001277,0.8825881406706364
U004433,0.8270899441000172
U003645,0.5922519993726177
U004144,0.4185313348256836
U002879,0.5261870438137756
U006494,0.2603033386274098
U005241,0.1982074711713105
U009409,0.3257318124134417
U006938,0.1885031920041863
U007241,0.654589980870639
U002594,0.3653247210426362
U002394,0.22717163717923655
U000524,0.28550545198110927
U006377,0.7294703916616738
U006982,0.9529662502111929
U006678,0.47287084650687117
U003901,0.631371161726964
U009635,0.26499675083127955
U005586,0.8570861369745613
U009361,0.4556927319632509
U007957,0.9714115552663025
U007571,0.9599552344876872
U006778,0.1676572143207426
U000672,0.40600432913653905
U004189,0.22516543537684697
U000667,0.33450007426226336
U003267,0.517045976428627
U001888,0.28898186177732604
U008473,0.6290671982148558
U009092,0.7372274988586327
U007688,0.3824634811518291
U006032,0.40822545229158724
U006091,0.4553917947951821
U006239,0.3985326510827921
U007351,0.700404692240497
U007831,0.5869476990639669
U000761,0.3212273553350603
U006255,0.5969552566852385
U001907,0.27210748477941454
U003819,0.4348492534500392
U006270,0.6026892417328108
U004301,0.2375899596043559
U005570,0.1368215293472126
U007942,0.12415655221215374
U004165,0.1951735612003672
U005972,0.6263253165812862
U003580,0.15535412175613017
U002833,0.706200531438228
U005450,0.14258205988538308
U003473,0.19277485947209383
U006328,0.32046982412488395
U000138,0.20815985004627113
U007044,0.40003124240342836
U004893,0.5922255595184215
U002181,0.554103726280947
U007731,0.19239356027869203
U003178,0.10043307305696383
U004855,0.8764781289605568
U004638,0.2938782146485869
U005116,0.15982235890749075
U007649,0.60828572085997
U004262,0.6419851721388216
U001332,0.2570200990606245
U007003,0.3107910783830775
U006942,0.25236340069950475
U008018,0.3875864055552118
U006242,0.37160061771576125
U009988,0.565974175313515
U006882,0.16323827172618646
U004531,0.3348453063739275
U004674,0.9097288387330362
U006997,0.24621115134028662
U001253,0.42774305481754127
U003375,0.17762371047106565
U002815,0.8835177680292525
U004720,0.5210442749679773
U006545,0.21977503012573896
U004859,0.7167012724906654
U007902,0.31292083779389895
U008581,0.4366522947720488
U008428,0.8830520620749074
U001078,0.8210257654681382
U004364,0.18286406126246663
U000771,0.9520206445683317
U008866,0.8487219261559653
U000250,0.4465418520496875
U007240,0.33656911602618783
U003420,0.408447659196626
U004977,0.35846110249870416
U004545,0.38182133516948086
U005566,0.9352614410535559
U007940,0.23699619140426129
U000717,0.2820797700705636
U009653,0.893036919260005
U002049,0.3107036196698687
U005998,0.16169867371644553
U006601,0.17249490094678546
U007246,0.4867660827135917
U004179,0.3381870873193282
U004810,0.22489971140321469
U009483,0.6693793000319146
U007141,0.6550041684553952
U007191,0.660035879669983
U001461,0.5809083707769966
U005990,0.2556087422350085
U002001,0.5090951726353068
U008176,0.18890481459646222
U000405,0.11361792949177171
U000385,0.25887751380223395
U009449,0.9042628243942623
U009488,0.6332812265461463
U001634,0.1551265966710989
U009854,0.7897271964972291
U004785,0.11032465717868012
U009457,0.3930601059609073
U006971,0.23879290746528808
U003926,0.37397194774419595
U004159,0.2886026465538138
U007450,0.3291791370520128
U008416,0.3298831212681994
U002194,0.2215827189467649
U001016,0.4283245665934654
U005125,0.797483129238133
U007419,0.21734259687780824
U007410,0.4742614751804648
U008990,0.392148591318249
U002872,0.17448895718916596
U000010,0.23787207867351073
U001839,0.2698372010408112
U004805,0.3617996028264658
U000256,0.8350627853608452
U007027,0.20016064042635678
U005714,0.2814718670442203
U003325,0.1946643959814357
U007715,0.2806307962218953
U001582,0.36245427614396414
U000925,0.21200431699101985
U002780,0.47915024279209023
U007892,0.4207780874719944
U006133,0.19820421693042775
U005321,0.21138744008470328
U007313,0.2677105666595819
U007103,0.6489474946207567
U006043,0.19486860083817897
U003776,0.15511806536386014
U004836,0.2831121191333474
U004965,0.4406627183091571
U000540,0.521483791292641
U007484,0.44284423244590976
U002746,0.2315971715237965
U003720,0.1952485664052102
U006820,0.7562677897141139
U009338,0.25337783157045357
U004469,0.41400981333071896
U000668,0.25461070911227673
U007576,0.6181717360473757
U008550,0.21229668733971802
U005064,0.2700373948950715
U001354,0.1423335506752298
U007115,0.5357639368185465
U009774,0.5689828101218813
U008663,0.7914523734681622
U002704,0.16678975451507058
U003331,0.25750694312009936
U008054,0.19207464370335767
U003585,0.3024153895280122
U009442,0.20454887980768374
U005646,0.37503650646772413
U003377,0.2620437608637777
U001257,0.1433349952325938
U006191,0.29120451226224386
U005349,0.8464618020673547
U004176,0.277397081842355
U004911,0.9016674563100899
U001853,0.22622708685627452
U006317,0.25195202972557573
U009855,0.37504824238454826
U002106,0.24190907815568546
U000134,0.7738601898272144
U005030,0.30587094466548453
U000929,0.19909704245406132
U000824,0.28117757888215344
U007577,0.16070435082850063
U001532,0.2653146651037439
U001215,0.12986391187157587
U000505,0.2303310851772578
U006531,0.3266655792738597
U003073,0.540291415269863
U009087,0.8042506662039562
U008648,0.679849377513478
U006620,0.884057256172841
U009274,0.4454767782880905
U003710,0.16712512062764512
U004850,0.3199348605320168
U004749,0.5351171691903516
U004269,0.3682102322957935
U009879,0.1398671299788352
U008906,0.3963849572304895
U004187,0.8830765112671362
U005302,0.9277667503682284
U002924,0.23283468143135688
U006589,0.2591803807512253
U001811,0.13814804761168542
U003487,0.5210957225437459
U007420,0.4082644002380304
U003142,0.32459373357573584
U009348,0.32874860932714633
U001325,0.3751807851119541
U004313,0.9033920557004833
U007495,0.27842788357528353
U008703,0.5486081700322367
U008692,0.771129846031436
U009504,0.17145917101770608
U005542,0.8764921688813805
U006173,0.8240789816159382
U001541,0.6841840817085236
U009410,0.21760505490559473
U002682,0.40289491751205564
U009883,0.1280806364187778
U006314,0.8164084829951173
U001192,0.38353743137442614
U005294,0.5051013840272927
U001543,0.3171956694287352
U007057,0.7393837208760369
U002540,0.19247971875790004
U000954,0.3741550499751639
U007242,0.16405931196984422
U006732,0.15337969657004882
U004847,0.17550140139744458
U006802,0.2442313698134979
U008011,0.17718698660826954
U004331,0.30424315300648713
U008925,0.18920800346327904
U005335,0.545192702270157
U007331,0.896814819999975
U009349,0.28458647603122406
U004730,0.26345296228401194
U006542,0.24394986520574397
U005306,0.38806082670465414
U005162,0.414578548480693
U007861,0.2612927551082012
U002157,0.3806941766867498
U001063,0.2748848699289387
U001168,0.5318052520893399
U003637,0.1579558716254681
U007652,0.2773009193412723
U005589,0.5294935975969517
U007193,0.16878718526394354
U004492,0.9533980414871183
U007267,0.3152284599622942
U004981,0.1668095260910559
U008336,0.3509036503596252
U009953,0.7088621381325413
U004947,0.3366287937604023
U002783,0.28862987837000126
U000718,0.2776759746758197
U002503,0.47063295551438156
U004361,0.4411087319475056
U004172,0.756466199773063
U008083,0.265156878208869
U009761,0.18447558889443233
U000396,0.22862415384474383
U007187,0.16526553915014147
U009823,0.5826507315056004
U004493,0.30914234056667533
U001366,0.15351190650006447
U009527,0.8777885668991497
U008788,0.8890307427665489
U005918,0.8494468169168257
U004969,0.22432533127137566
U002915,0.15503108308278252
U005645,0.23401675600355942
U003767,0.18887399439051467
U003441,0.24581082313033303
U007358,0.6795846559527456
U006807,0.3329712020551875
U002144,0.20450041241869482
U005105,0.61375706395772
U005074,0.8415160141671749
U001572,0.6422019525266796
U004080,0.34163150756560867
U001123,0.2868933902041977
U002787,0.12736259434036962
U002968,0.39457084853794633
U002505,0.15828320159915285
U005989,0.5415296597477504
U008868,0.9385869743624469
U007165,0.3528470514931594
U000729,0.4153957609092499
U007588,0.23471628339057604
U007544,0.37747893169453417
U000413,0.2955654060942152
U005746,0.31850526031880555
U007669,0.2920828139412716
U000826,0.31590757035993855
U003268,0.5759915736187541
U003975,0.2805392243260225
U008809,0.29853110608820094
U008307,0.27106269570472247
U000418,0.5080895999405888
U006749,0.7193209214079789
U008968,0.29755952964148724
U002083,0.16789105314810143
U008946,0.12836539963855115
U003374,0.30803280875727035
U005727,0.7301347425437674
U004108,0.7219848360967532
U004381,0.3130660924146988
U007724,0.8755695479207757
U001067,0.9556208708943261
U003914,0.7157209621191755
U005537,0.475507436735518
U008003,0.6109589401603812
U005388,0.7703753706760075
U005733,0.3657554549198881
U002739,0.3195562083836949
U005053,0.24818161287211565
U004001,0.8275772833965156
U002428,0.2366930562517748
U006834,0.17494766595286312
U001688,0.6884913749708856
U000852,0.33719947192084515
U006304,0.33077110256905523
U009088,0.1447849736911061
U005879,0.10178258638566906
U008528,0.22369859827457667
U002840,0.29886438763083706
U004612,0.8728139402101257
U009541,0.2158657095152009
U009208,0.41354913959242434
U002490,0.5407221582041423
U006906,0.3153187229001481
U007391,0.836107631730213
U002850,0.14698043331958818
U006666,0.5318831328849823
U005882,0.13858710236466618
U004453,0.2380515994621219
U007422,0.3542506950522474
U006485,0.3589519523702375
U002480,0.5611462871752024
U006618,0.8553494981463576
U002142,0.3643530410013673
U005189,0.7032851318301037
U009705,0.5114924877969266
U002745,0.2154250033269873
U007254,0.19631212306327597
U003507,0.9108159630396434
U001680,0.9219667763725417
U004250,0.39576313365662996
U003148,0.9545056214306249
U008131,0.8245489107942602
U007005,0.4457207187441124
U000581,0.9428641214424641
U004071,0.9205075743769959
U003344,0.790770467379899
U007405,0.24822152721218238
U003673,0.3754377355616946
U000560,0.4501210927708801
U005238,0.8811135946133971
U007806,0.7824046241884409
U000513,0.392514996686657
U001082,0.2048148644869241
U001665,0.25561945497972294
U009205,0.9600019769292041
U001932,0.21760282671265524
U009667,0.31366812941888755
U001151,0.19366131612185838
U002839,0.33765006056867947
U005950,0.6285274159959695
U008309,0.8020438930348248
U008933,0.5534008742333101
U009789,0.1923488670575113
U005178,0.42285614208201466
U000831,0.1531815279293009
U008312,0.2518402648835586
U004753,0.9326240318388943
U009851,0.5196677366344132
U000636,0.3637796087569908
U004466,0.23566499304278288
U006800,0.2362137012466663
U007988,0.7119300849094397
U007080,0.19847231919697939
U006967,0.481235630448408
U004143,0.36966783134717335
U007028,0.8297301765874883
U009184,0.1342003164084054
U000877,0.5518620115354687
U004870,0.25477238235139044
U005316,0.5045688885749096
U005223,0.6596071051364492
U000005,0.27913471665795814
U003052,0.4127351465406329
U005692,0.8710695911538973
U003125,0.9064655659524102
U002492,0.955413780033717
U003855,0.2293017434490567
U004778,0.7710450989923834
U007510,0.24078171504023171
U006458,0.22943176146497332
U006294,0.24857472520912152
U001149,0.9120861387026002
U000575,0.39525321051716245
U003770,0.36524367198874186
U004147,0.12419590161977337
U000854,0.15487888954031506
U005920,0.50491899381012
U009359,0.9118699537985056
U006615,0.24733925461928835
U006003,0.11332392461558996
U009164,0.21677322637000251
U004496,0.2607361893907921
U008174,0.6853696820401755
U006656,0.9379539171376818
U002369,0.3217945678443933
U004781,0.250897776994877
U007993,0.49076627355853686
U002951,0.2362220403415653
U005626,0.4276839836470999
U006972,0.7842940577093127
U008717,0.92375709421165
U001842,0.2066673403259368
U005987,0.15892439286269694
U000538,0.5330977374983978
U002807,0.40050016635064356
U005802,0.32555990977562227
U005597,0.18060615069596947
U007207,0.26320185828623616
U007344,0.735607274727259
U007561,0.9186251680291684
U008097,0.23490647983474494
U000785,0.3038688453639935
U001410,0.5901737214947177
U000155,0.16635796041319184
U007807,0.23862143781674736
U003010,0.9618385182047138
U001687,0.9425210488354607
U004015,0.17125306913991512
U007456,0.3831576008218186
U003864,0.15936548936951192
U002734,0.38042553312040783
U001896,0.643613525163436
U005443,0.35017414677346836
U000570,0.3017428640956088
U006710,0.9442701822047903
U005855,0.5173433964115509
U001817,0.9597312178248952
U008320,0.2343836996553304
U003395,0.45815026122837105
U003328,0.4894395817688945
U009983,0.34273541457781354
U006103,0.32336821049392406
U002976,0.324842981019104
U000981,0.5665518954546248
U000191,0.7504828662798082
U009332,0.1948696758433482
U005089,0.7270944405950001
U000700,0.19561391881639154
U009760,0.12685202577759336
U000607,0.6194192389748374
U000302,0.42455364295588327
U003421,0.28502568038534837
U009805,0.8097561187451081
U001061,0.7078895722515957
U003445,0.3247778241394943
U001070,0.2312298053362949
U002206,0.7262712159915702
U009436,0.611851520891879
U007340,0.28981715146530374
U008209,0.1536127297637812
U007680,0.1453623481391188
U004643,0.29196214417910865
U007684,0.14039393050919827
U009008,0.28926899997132133
U007997,0.33295125349945864
U005601,0.22712683588664218
U009152,0.37907175227483125
U007023,0.3900889889527386
U004894,0.383436532313278
U000226,0.1261191915164044
U003355,0.3000997991239747
U005896,0.8358665553243589
U008755,0.7810158881908398
U003437,0.1836647224117242
U001694,0.7197057598111753
U006894,0.24644219597355277
U001046,0.5756879780056757
U003447,0.38998984181654306
U008051,0.8390044176521343
U009147,0.2773235271882825
U009982,0.9275023426392403
U004736,0.4209108112695347
U004497,0.207677174999784
U001219,0.28876395189419707
U006016,0.4664608178494909
U009720,0.5424118505721686
U003988,0.23727285385934338
U004912,0.19988438877941359
U009493,0.3686887239318869
U004494,0.1278745453983798
U006945,0.49856898824342744
U005700,0.8982294671345208
U008353,0.4915132061574671
U000957,0.30019339776343784
U002870,0.5755716925329452
U004434,0.313777989684253
U004974,0.8885292273752408
U002962,0.29245101663696205
U002201,0.1963703484576098
U000099,0.9513351654870612
U009850,0.9054226309199092
U002558,0.916620709558598
U008446,0.9056410368412088
U004200,0.20437447011463905
U009638,0.5773289433898773
U005540,0.20462838478961837
U001649,0.1005861840862158
U006198,0.5601286027968425
U006296,0.8720991054565879
U004500,0.34232111258095577
U001155,0.9013496785894415
U002256,0.7088104920835456
U003171,0.7287335377449795
U007401,0.38617652513630907
U007159,0.793867941808637
U003109,0.29656394723109036
U004549,0.8716429854563819
U005424,0.12171106920106159
U002050,0.36585913076273835
U009209,0.11676565141560166
U008816,0.16156400943127958
U009798,0.3856691359988453
U000263,0.7238894444643227
U004062,0.1646863407910198
U005535,0.6026569151439003
U006617,0.3037183731847013
U008121,0.3001913575061103
U008156,0.12049132419869023
U001803,0.7713821959211932
U004737,0.2757837494701766
U002386,0.26797477525983826
U006695,0.14519886978583393
U005760,0.18308850322560824
U001960,0.405877122974003
U002977,0.31445008877477987
U008681,0.9313851823790983
U001844,0.2854779942166902
U001735,0.21390361711497305
U002912,0.7462409054162249
U008339,0.9382175443023195
U001987,0.2673521813865778
U009562,0.3845297914482845
U006547,0.8861823562849132
U007099,0.2553964551298568
U002812,0.2392931975577122
U000660,0.22359981415231603
U002512,0.23831562663951011
U004283,0.5365695002155682
U009340,0.8209895386478306
U008801,0.26996387636926306
U006288,0.8861920197323526
U001931,0.25898007362934206
U007126,0.19134135025882276
U000198,0.1299532990970017
U007778,0.39754506315284516
U002932,0.12890981372699586
U008005,0.5895155747107339
U002328,0.25629997841542274
U004390,0.6766206184772254
U008959,0.8651979543642987
U004219,0.2646513627837375
U000203,0.5062717587859084
U003511,0.25946245087188147
U004932,0.930623169640395
U005536,0.36203479135342076
U005792,0.8839847798911766
U001708,0.2743197889798598
U005173,0.3497199450768076
U005250,0.9316103371344024
U006529,0.22411967226289878
U009849,0.3646746477721722
U005856,0.14797102506848428
U008165,0.9563635186426998
U000855,0.35681766063653175
U004738,0.35932988462606474
U000699,0.45824442368128476
U003697,0.19845466617169313
U001637,0.22021230170492395
U007281,0.31346632386954865
U007555,0.20776047459908892
U003582,0.24348522121122704
U001292,0.248196680592363
U006586,0.8751501883579449
U001854,0.24026003974545396
U005233,0.3263051452331063
U003764,0.19225602196632907
U003305,0.4322359441784349
U001496,0.9224675955984537
U007995,0.22006231401922688
U001999,0.8283044871842953
U000664,0.7163746562233675
U003749,0.45886648545411624
U004414,0.15987242421228645
U005531,0.4869957001692531
U005576,0.1713385810805001
U008902,0.17643102423052504
U007527,0.43559735954601675
U009475,0.8075214575959264
U005865,0.629570779569349
U006777,0.16733218120593885
U001307,0.25559188724255766
U007393,0.19364918951197024
U005593,0.4472062481421918
U009722,0.19346727068322916
U001664,0.19975907679083935
U005451,0.47471018859044534
U009955,0.13786312142518126
U003628,0.18574006656077746
U002694,0.16737206133416305
U009790,0.21664383132903037
U005916,0.7737775132064505
U003158,0.6175328741961328
U006669,0.7896673141389853
U001060,0.6883554735547329
U004637,0.17661955405943075
U003243,0.6596885329056144
U001679,0.6319074049913543
U006893,0.6350386898608766
U006375,0.39668790650870733
U007575,0.7521214356099066
U001758,0.1867006703217003
U006020,0.3072358967698574
U005117,0.27406194806711637
U008756,0.23263112667164934
U007409,0.34760558678380066
U002791,0.9618954919427032
U000864,0.3906856768836451
U007859,0.24804955080016364
U001485,0.7768734309360379
U007036,0.3141570696785563
U007722,0.7385889017961027
U005978,0.19663544113319759
U005135,0.34044359397408563
U000207,0.5871576748554155
U004489,0.37162443516922755
U006939,0.8920579624296908
U009063,0.8412231066015265
U006911,0.7776585643589868
U000503,0.39962932829006137
U007386,0.4641029024789648
U001029,0.23701006035291017
U003841,0.21323509573149468
U008111,0.24499698819209997
U005057,0.9146205588118668
U009763,0.2043603607399469
U008155,0.11838387227320182
U002732,0.5526732751559881
U008997,0.40123461056346205
U002455,0.1809591084055202
U007216,0.21640664719896252
U003105,0.7494331353911198
U008393,0.2378474968156402
U006279,0.8213649746220743
U003100,0.4699976320033089
U006185,0.4955391225114858
U003562,0.8998782146911948
U005893,0.7808464445258739
U000392,0.4664596695540005
U006737,0.7014778218744595
U005619,0.30552909717916865
U005259,0.22412066723969276
U009688,0.8247521826325667
U002696,0.18084540874557445
U002028,0.32019501609793233
U005464,0.22943213356176223
U002569,0.16970950989278266
U008007,0.44056002226857777
U000065,0.25204801564481605
U002063,0.956533125726682
U005277,0.7870698368362588
U007209,0.5511473717703708
U008685,0.18727841761059266
U008572,0.2989639094823437
U006332,0.1358814616984175
U004860,0.8180054924732204
U004888,0.426493150634419
U009269,0.2789845573068342
U000879,0.9290790650271497
U008530,0.5117262136853227
U007917,0.19910205444642823
U006864,0.23226963470137382
U007893,0.2652146127861631
U006440,0.9275202677936565
U007870,0.7053241691409545
U001017,0.3232886777615896
U009468,0.43041369301552873
U007630,0.14259303429847764
U000996,0.7355842119184639
U004298,0.7341186882798659
U000162,0.18969119274713717
U005676,0.738188017634026
U006874,0.3835353464243341
U009693,0.43071684596606674
U007990,0.7456204019117553
U003844,0.17381391754041736
U001022,0.4269146796501072
U003074,0.29894652263536503
U007556,0.2516504430028404
U003944,0.2738959662819079
U001586,0.1475244419146817
U003153,0.27528791200354596
U008227,0.421492123006342
U000776,0.5928432114438994
U009671,0.6017896197165474
U007100,0.8457470546570911
U005487,0.8447552189555343
U006236,0.14196764560430428
U009556,0.5909093966841437
U007042,0.1586711763096835
U002613,0.7761055353275046
U007514,0.7834502001005343
U008434,0.16914921066124
U008793,0.2233432784095512
U005394,0.938281439659741
U008839,0.20482242849862278
U003891,0.48996538866881156
U003557,0.5128032135388312
U001529,0.5539381824014997
U001268,0.19690810967355862
U007735,0.48448671438874513
U001900,0.5521710346002767
U004659,0.45850980095030824
U003006,0.819083302025744
U002735,0.5821236843802591
U000190,0.28928286752177795
U009168,0.26593329316431336
U002748,0.9405720924816576
U002048,0.7369761687883245
U007850,0.30477399451969867
U002559,0.8807796282595495
U009275,0.652957704895955
U008667,0.30357990081536457
U006397,0.5645392640448595
U003386,0.25116808296470083
U004556,0.1643212335206759
U001185,0.2619635983270214
U006421,0.26678659223009016
U005052,0.15140706898620432
U005312,0.8634926075440876
U002434,0.6643766128067996
U006950,0.10158607113786369
U000770,0.24081494651254468
U001686,0.25219089577407344
U008323,0.5566041150994656
U005579,0.8945912406039542
U004427,0.7202116747540313
U000467,0.28791013783503033
U006266,0.3032541635815058
U005735,0.41918065631448953
U005192,0.11624866644314147
U005391,0.6742881716212807
U000861,0.18536628900943503
U007271,0.4059719699901052
